page_to_edit,add_link_to,suggested_anchor_text,why,rule_id
wheelhouseit.com/fort-lauderdale,wheelhouseit.com/managed-it-services-fort-lauderdale,Managed IT Services Fort Lauderdale,Location page should link down to each service offered in this location,location_silo.missing_local_landing_link
wheelhouseit.com/fort-lauderdale,wheelhouseit.com/hybrid-it-services-fort-lauderdale,Hybrid IT Services Fort Lauderdale,Location page should link down to each service offered in this location,location_silo.missing_local_landing_link
wheelhouseit.com/fort-lauderdale,wheelhouseit.com/network-installation-services-in-fort-lauderdale,Network Installation Services Fort Lauderdale,Location page should link down to each service offered in this location,location_silo.missing_local_landing_link
wheelhouseit.com/fort-lauderdale,wheelhouseit.com/fort-lauderdale/office-365-migration,Office 365 Migration Fort Lauderdale,Location page should link down to each service offered in this location,location_silo.missing_local_landing_link
wheelhouseit.com/fort-lauderdale,wheelhouseit.com/fort-lauderdale/microsoft-consultants,Microsoft Consultants Fort Lauderdale,Location page should link down to each service offered in this location,location_silo.missing_local_landing_link
wheelhouseit.com/fort-lauderdale,wheelhouseit.com/healthcare-it-managed-services/fort-lauderdale,Healthcare IT Managed Services Fort Lauderdale,Location page should link down to each service offered in this location,location_silo.missing_local_landing_link
wheelhouseit.com/fort-lauderdale,wheelhouseit.com/fort-lauderdale/healthcare-it-support,Healthcare IT Support Fort Lauderdale,Location page should link down to each service offered in this location,location_silo.missing_local_landing_link
wheelhouseit.com/fort-lauderdale,wheelhouseit.com/managed-it-services-for-law-firms/fort-lauderdale,Managed IT Services for Law Firms Fort Lauderdale,Location page should link down to each service offered in this location,location_silo.missing_local_landing_link
wheelhouseit.com/fort-lauderdale,wheelhouseit.com/fort-lauderdale/it-support-law-firm,IT Support for Law Firms Fort Lauderdale,Location page should link down to each service offered in this location,location_silo.missing_local_landing_link
wheelhouseit.com/new-york-city,wheelhouseit.com/cybersecurity-new-york-city,Cybersecurity New York City,Location page should link down to each service offered in this location,location_silo.missing_local_landing_link
wheelhouseit.com/new-york-city,wheelhouseit.com/hybrid-it-services-new-york-city,Hybrid IT Services New York City,Location page should link down to each service offered in this location,location_silo.missing_local_landing_link
wheelhouseit.com/new-york-city,wheelhouseit.com/new-york-city/office-365-migration,Office 365 Migration New York City,Location page should link down to each service offered in this location,location_silo.missing_local_landing_link
wheelhouseit.com/new-york-city,wheelhouseit.com/new-york-city/microsoft-consultants,Microsoft Consultants New York City,Location page should link down to each service offered in this location,location_silo.missing_local_landing_link
wheelhouseit.com/new-york-city,wheelhouseit.com/healthcare-it-managed-services/new-york-city,Healthcare IT Managed Services New York City,Location page should link down to each service offered in this location,location_silo.missing_local_landing_link
wheelhouseit.com/new-york-city,wheelhouseit.com/new-york-city/healthcare-it-support,Healthcare IT Support New York City,Location page should link down to each service offered in this location,location_silo.missing_local_landing_link
wheelhouseit.com/new-york-city,wheelhouseit.com/managed-it-services-for-law-firms/new-york-city,Managed IT Services for Law Firms New York City,Location page should link down to each service offered in this location,location_silo.missing_local_landing_link
wheelhouseit.com/new-york-city,wheelhouseit.com/new-york-city/it-support-law-firm,IT Support for Law Firms New York City,Location page should link down to each service offered in this location,location_silo.missing_local_landing_link
wheelhouseit.com/west-palm-beach,wheelhouseit.com/it-support-west-palm-beach,IT Support West Palm Beach,Location page should link down to each service offered in this location,location_silo.missing_local_landing_link
wheelhouseit.com/west-palm-beach,wheelhouseit.com/it-consulting-west-palm-beach,IT Consulting West Palm Beach,Location page should link down to each service offered in this location,location_silo.missing_local_landing_link
wheelhouseit.com/west-palm-beach,wheelhouseit.com/west-palm-beach/office-365-migration,Office 365 Migration West Palm Beach,Location page should link down to each service offered in this location,location_silo.missing_local_landing_link
wheelhouseit.com/west-palm-beach,wheelhouseit.com/west-palm-beach/microsoft-consultants,Microsoft Consultants West Palm Beach,Location page should link down to each service offered in this location,location_silo.missing_local_landing_link
wheelhouseit.com/west-palm-beach,wheelhouseit.com/healthcare-it-managed-services/west-palm-beach,Healthcare IT Managed Services West Palm Beach,Location page should link down to each service offered in this location,location_silo.missing_local_landing_link
wheelhouseit.com/west-palm-beach,wheelhouseit.com/west-palm-beach/healthcare-it-support,Healthcare IT Support West Palm Beach,Location page should link down to each service offered in this location,location_silo.missing_local_landing_link
wheelhouseit.com/west-palm-beach,wheelhouseit.com/managed-it-services-for-law-firms/west-palm-beach,Managed IT Services for Law Firms West Palm Beach,Location page should link down to each service offered in this location,location_silo.missing_local_landing_link
wheelhouseit.com/west-palm-beach,wheelhouseit.com/west-palm-beach/it-support-law-firm,IT Support for Law Firms West Palm Beach,Location page should link down to each service offered in this location,location_silo.missing_local_landing_link
wheelhouseit.com/cloud-managed-services,wheelhouseit.com/cloud-services-fort-lauderdale,Cloud Services Fort Lauderdale,Service page should link down to each city/location landing for this service,service_silo.missing_local_landing_link
wheelhouseit.com/cloud-managed-services,wheelhouseit.com/cloud-services-miami,Cloud Services Miami,Service page should link down to each city/location landing for this service,service_silo.missing_local_landing_link
wheelhouseit.com/cloud-managed-services,wheelhouseit.com/cloud-services-orlando,Cloud Services Orlando,Service page should link down to each city/location landing for this service,service_silo.missing_local_landing_link
wheelhouseit.com/cloud-managed-services,wheelhouseit.com/cloud-services-west-palm-beach,Cloud Services West Palm Beach,Service page should link down to each city/location landing for this service,service_silo.missing_local_landing_link
wheelhouseit.com/cloud-managed-services,wheelhouseit.com/cloud-services-new-york-city,Cloud Services New York City,Service page should link down to each city/location landing for this service,service_silo.missing_local_landing_link
wheelhouseit.com/cloud-managed-services,wheelhouseit.com/cloud-services-long-island,Cloud Services Long Island,Service page should link down to each city/location landing for this service,service_silo.missing_local_landing_link
wheelhouseit.com/cloud-managed-services,wheelhouseit.com/cloud-services-los-angeles,Cloud Services Los Angeles,Service page should link down to each city/location landing for this service,service_silo.missing_local_landing_link
wheelhouseit.com/cloud-management,wheelhouseit.com/cloud-services-fort-lauderdale,Cloud Services Fort Lauderdale,Service page should link down to each city/location landing for this service,service_silo.missing_local_landing_link
wheelhouseit.com/cloud-management,wheelhouseit.com/cloud-services-miami,Cloud Services Miami,Service page should link down to each city/location landing for this service,service_silo.missing_local_landing_link
wheelhouseit.com/cloud-management,wheelhouseit.com/cloud-services-orlando,Cloud Services Orlando,Service page should link down to each city/location landing for this service,service_silo.missing_local_landing_link
wheelhouseit.com/cloud-management,wheelhouseit.com/cloud-services-west-palm-beach,Cloud Services West Palm Beach,Service page should link down to each city/location landing for this service,service_silo.missing_local_landing_link
wheelhouseit.com/cloud-management,wheelhouseit.com/cloud-services-new-york-city,Cloud Services New York City,Service page should link down to each city/location landing for this service,service_silo.missing_local_landing_link
wheelhouseit.com/cloud-management,wheelhouseit.com/cloud-services-long-island,Cloud Services Long Island,Service page should link down to each city/location landing for this service,service_silo.missing_local_landing_link
wheelhouseit.com/cloud-management,wheelhouseit.com/cloud-services-los-angeles,Cloud Services Los Angeles,Service page should link down to each city/location landing for this service,service_silo.missing_local_landing_link
wheelhouseit.com/cloud-servers,wheelhouseit.com/cloud-services-fort-lauderdale,Cloud Services Fort Lauderdale,Service page should link down to each city/location landing for this service,service_silo.missing_local_landing_link
wheelhouseit.com/cloud-servers,wheelhouseit.com/cloud-services-miami,Cloud Services Miami,Service page should link down to each city/location landing for this service,service_silo.missing_local_landing_link
wheelhouseit.com/cloud-servers,wheelhouseit.com/cloud-services-orlando,Cloud Services Orlando,Service page should link down to each city/location landing for this service,service_silo.missing_local_landing_link
wheelhouseit.com/cloud-servers,wheelhouseit.com/cloud-services-west-palm-beach,Cloud Services West Palm Beach,Service page should link down to each city/location landing for this service,service_silo.missing_local_landing_link
wheelhouseit.com/cloud-servers,wheelhouseit.com/cloud-services-new-york-city,Cloud Services New York City,Service page should link down to each city/location landing for this service,service_silo.missing_local_landing_link
wheelhouseit.com/cloud-servers,wheelhouseit.com/cloud-services-long-island,Cloud Services Long Island,Service page should link down to each city/location landing for this service,service_silo.missing_local_landing_link
wheelhouseit.com/cloud-servers,wheelhouseit.com/cloud-services-los-angeles,Cloud Services Los Angeles,Service page should link down to each city/location landing for this service,service_silo.missing_local_landing_link
wheelhouseit.com/international-it-support,wheelhouseit.com/it-support-fort-lauderdale,IT Support Fort Lauderdale,Service page should link down to each city/location landing for this service,service_silo.missing_local_landing_link
wheelhouseit.com/international-it-support,wheelhouseit.com/it-support-miami,IT Support Miami,Service page should link down to each city/location landing for this service,service_silo.missing_local_landing_link
wheelhouseit.com/international-it-support,wheelhouseit.com/it-support-orlando,IT Support Orlando,Service page should link down to each city/location landing for this service,service_silo.missing_local_landing_link
wheelhouseit.com/international-it-support,wheelhouseit.com/it-support-west-palm-beach,IT Support West Palm Beach,Service page should link down to each city/location landing for this service,service_silo.missing_local_landing_link
wheelhouseit.com/international-it-support,wheelhouseit.com/it-support-new-york-city,IT Support New York City,Service page should link down to each city/location landing for this service,service_silo.missing_local_landing_link
wheelhouseit.com/international-it-support,wheelhouseit.com/it-support-long-island,IT Support Long Island,Service page should link down to each city/location landing for this service,service_silo.missing_local_landing_link
wheelhouseit.com/international-it-support,wheelhouseit.com/it-support-los-angeles,IT Support Los Angeles,Service page should link down to each city/location landing for this service,service_silo.missing_local_landing_link
wheelhouseit.com/it-support-evolved,wheelhouseit.com/it-support-fort-lauderdale,IT Support Fort Lauderdale,Service page should link down to each city/location landing for this service,service_silo.missing_local_landing_link
wheelhouseit.com/it-support-evolved,wheelhouseit.com/it-support-miami,IT Support Miami,Service page should link down to each city/location landing for this service,service_silo.missing_local_landing_link
wheelhouseit.com/it-support-evolved,wheelhouseit.com/it-support-orlando,IT Support Orlando,Service page should link down to each city/location landing for this service,service_silo.missing_local_landing_link
wheelhouseit.com/it-support-evolved,wheelhouseit.com/it-support-west-palm-beach,IT Support West Palm Beach,Service page should link down to each city/location landing for this service,service_silo.missing_local_landing_link
wheelhouseit.com/it-support-evolved,wheelhouseit.com/it-support-new-york-city,IT Support New York City,Service page should link down to each city/location landing for this service,service_silo.missing_local_landing_link
wheelhouseit.com/it-support-evolved,wheelhouseit.com/it-support-long-island,IT Support Long Island,Service page should link down to each city/location landing for this service,service_silo.missing_local_landing_link
wheelhouseit.com/it-support-evolved,wheelhouseit.com/it-support-los-angeles,IT Support Los Angeles,Service page should link down to each city/location landing for this service,service_silo.missing_local_landing_link
wheelhouseit.com/managed-cloud-environment,wheelhouseit.com/cloud-services-fort-lauderdale,Cloud Services Fort Lauderdale,Service page should link down to each city/location landing for this service,service_silo.missing_local_landing_link
wheelhouseit.com/managed-cloud-environment,wheelhouseit.com/cloud-services-miami,Cloud Services Miami,Service page should link down to each city/location landing for this service,service_silo.missing_local_landing_link
wheelhouseit.com/managed-cloud-environment,wheelhouseit.com/cloud-services-orlando,Cloud Services Orlando,Service page should link down to each city/location landing for this service,service_silo.missing_local_landing_link
wheelhouseit.com/managed-cloud-environment,wheelhouseit.com/cloud-services-west-palm-beach,Cloud Services West Palm Beach,Service page should link down to each city/location landing for this service,service_silo.missing_local_landing_link
wheelhouseit.com/managed-cloud-environment,wheelhouseit.com/cloud-services-new-york-city,Cloud Services New York City,Service page should link down to each city/location landing for this service,service_silo.missing_local_landing_link
wheelhouseit.com/managed-cloud-environment,wheelhouseit.com/cloud-services-long-island,Cloud Services Long Island,Service page should link down to each city/location landing for this service,service_silo.missing_local_landing_link
wheelhouseit.com/managed-cloud-environment,wheelhouseit.com/cloud-services-los-angeles,Cloud Services Los Angeles,Service page should link down to each city/location landing for this service,service_silo.missing_local_landing_link
wheelhouseit.com/managed-it,wheelhouseit.com/managed-it-services-fort-lauderdale,Managed IT Services Fort Lauderdale,Service page should link down to each city/location landing for this service,service_silo.missing_local_landing_link
wheelhouseit.com/managed-it,wheelhouseit.com/managed-it-services-miami,Managed IT Services Miami,Service page should link down to each city/location landing for this service,service_silo.missing_local_landing_link
wheelhouseit.com/managed-it,wheelhouseit.com/managed-it-services-orlando,Managed IT Services Orlando,Service page should link down to each city/location landing for this service,service_silo.missing_local_landing_link
wheelhouseit.com/managed-it,wheelhouseit.com/managed-it-services-west-palm-beach,Managed IT Services West Palm Beach,Service page should link down to each city/location landing for this service,service_silo.missing_local_landing_link
wheelhouseit.com/managed-it,wheelhouseit.com/managed-it-services-in-new-york,Managed IT Services New York City,Service page should link down to each city/location landing for this service,service_silo.missing_local_landing_link
wheelhouseit.com/managed-it,wheelhouseit.com/nassau-county/managed-it-services,Managed IT Services Nassau County,Service page should link down to each city/location landing for this service,service_silo.missing_local_landing_link
wheelhouseit.com/managed-it,wheelhouseit.com/managed-services-los-angeles,Managed IT Services Los Angeles,Service page should link down to each city/location landing for this service,service_silo.missing_local_landing_link
wheelhouseit.com/managed-it-services,wheelhouseit.com/managed-it-services-fort-lauderdale,Managed IT Services Fort Lauderdale,Service page should link down to each city/location landing for this service,service_silo.missing_local_landing_link
wheelhouseit.com/managed-it-services,wheelhouseit.com/managed-it-services-miami,Managed IT Services Miami,Service page should link down to each city/location landing for this service,service_silo.missing_local_landing_link
wheelhouseit.com/managed-it-services,wheelhouseit.com/managed-it-services-orlando,Managed IT Services Orlando,Service page should link down to each city/location landing for this service,service_silo.missing_local_landing_link
wheelhouseit.com/managed-it-services,wheelhouseit.com/managed-it-services-west-palm-beach,Managed IT Services West Palm Beach,Service page should link down to each city/location landing for this service,service_silo.missing_local_landing_link
wheelhouseit.com/managed-it-services,wheelhouseit.com/managed-it-services-in-new-york,Managed IT Services New York City,Service page should link down to each city/location landing for this service,service_silo.missing_local_landing_link
wheelhouseit.com/managed-it-services,wheelhouseit.com/nassau-county/managed-it-services,Managed IT Services Nassau County,Service page should link down to each city/location landing for this service,service_silo.missing_local_landing_link
wheelhouseit.com/managed-it-services,wheelhouseit.com/managed-services-los-angeles,Managed IT Services Los Angeles,Service page should link down to each city/location landing for this service,service_silo.missing_local_landing_link
wheelhouseit.com/managed-it-services-v2,wheelhouseit.com/managed-it-services-fort-lauderdale,Managed IT Services Fort Lauderdale,Service page should link down to each city/location landing for this service,service_silo.missing_local_landing_link
wheelhouseit.com/managed-it-services-v2,wheelhouseit.com/managed-it-services-miami,Managed IT Services Miami,Service page should link down to each city/location landing for this service,service_silo.missing_local_landing_link
wheelhouseit.com/managed-it-services-v2,wheelhouseit.com/managed-it-services-orlando,Managed IT Services Orlando,Service page should link down to each city/location landing for this service,service_silo.missing_local_landing_link
wheelhouseit.com/managed-it-services-v2,wheelhouseit.com/managed-it-services-west-palm-beach,Managed IT Services West Palm Beach,Service page should link down to each city/location landing for this service,service_silo.missing_local_landing_link
wheelhouseit.com/managed-it-services-v2,wheelhouseit.com/managed-it-services-in-new-york,Managed IT Services New York City,Service page should link down to each city/location landing for this service,service_silo.missing_local_landing_link
wheelhouseit.com/managed-it-services-v2,wheelhouseit.com/nassau-county/managed-it-services,Managed IT Services Nassau County,Service page should link down to each city/location landing for this service,service_silo.missing_local_landing_link
wheelhouseit.com/managed-it-services-v2,wheelhouseit.com/managed-services-los-angeles,Managed IT Services Los Angeles,Service page should link down to each city/location landing for this service,service_silo.missing_local_landing_link
wheelhouseit.com/managed-services,wheelhouseit.com/managed-it-services-fort-lauderdale,Managed IT Services Fort Lauderdale,Service page should link down to each city/location landing for this service,service_silo.missing_local_landing_link
wheelhouseit.com/managed-services,wheelhouseit.com/managed-it-services-miami,Managed IT Services Miami,Service page should link down to each city/location landing for this service,service_silo.missing_local_landing_link
wheelhouseit.com/managed-services,wheelhouseit.com/managed-it-services-orlando,Managed IT Services Orlando,Service page should link down to each city/location landing for this service,service_silo.missing_local_landing_link
wheelhouseit.com/managed-services,wheelhouseit.com/managed-it-services-west-palm-beach,Managed IT Services West Palm Beach,Service page should link down to each city/location landing for this service,service_silo.missing_local_landing_link
wheelhouseit.com/managed-services,wheelhouseit.com/managed-it-services-in-new-york,Managed IT Services New York City,Service page should link down to each city/location landing for this service,service_silo.missing_local_landing_link
wheelhouseit.com/managed-services,wheelhouseit.com/nassau-county/managed-it-services,Managed IT Services Nassau County,Service page should link down to each city/location landing for this service,service_silo.missing_local_landing_link
wheelhouseit.com/managed-services,wheelhouseit.com/managed-services-los-angeles,Managed IT Services Los Angeles,Service page should link down to each city/location landing for this service,service_silo.missing_local_landing_link
wheelhouseit.com/miami,wheelhouseit.com/managed-it-services-miami,Managed IT Services Miami,Location page should link down to each service offered in this location,location_silo.missing_local_landing_link
wheelhouseit.com/miami,wheelhouseit.com/miami/office-365-migration,Office 365 Migration Miami,Location page should link down to each service offered in this location,location_silo.missing_local_landing_link
wheelhouseit.com/miami,wheelhouseit.com/miami/microsoft-consultants,Microsoft Consultants Miami,Location page should link down to each service offered in this location,location_silo.missing_local_landing_link
wheelhouseit.com/miami,wheelhouseit.com/healthcare-it-managed-services/miami,Healthcare IT Managed Services Miami,Location page should link down to each service offered in this location,location_silo.missing_local_landing_link
wheelhouseit.com/miami,wheelhouseit.com/miami/healthcare-it-support,Healthcare IT Support Miami,Location page should link down to each service offered in this location,location_silo.missing_local_landing_link
wheelhouseit.com/miami,wheelhouseit.com/managed-it-services-for-law-firms/miami,Managed IT Services for Law Firms Miami,Location page should link down to each service offered in this location,location_silo.missing_local_landing_link
wheelhouseit.com/miami,wheelhouseit.com/miami/it-support-law-firm,IT Support for Law Firms Miami,Location page should link down to each service offered in this location,location_silo.missing_local_landing_link
wheelhouseit.com/remote-support,wheelhouseit.com/it-support-fort-lauderdale,IT Support Fort Lauderdale,Service page should link down to each city/location landing for this service,service_silo.missing_local_landing_link
wheelhouseit.com/remote-support,wheelhouseit.com/it-support-miami,IT Support Miami,Service page should link down to each city/location landing for this service,service_silo.missing_local_landing_link
wheelhouseit.com/remote-support,wheelhouseit.com/it-support-orlando,IT Support Orlando,Service page should link down to each city/location landing for this service,service_silo.missing_local_landing_link
wheelhouseit.com/remote-support,wheelhouseit.com/it-support-west-palm-beach,IT Support West Palm Beach,Service page should link down to each city/location landing for this service,service_silo.missing_local_landing_link
wheelhouseit.com/remote-support,wheelhouseit.com/it-support-new-york-city,IT Support New York City,Service page should link down to each city/location landing for this service,service_silo.missing_local_landing_link
wheelhouseit.com/remote-support,wheelhouseit.com/it-support-long-island,IT Support Long Island,Service page should link down to each city/location landing for this service,service_silo.missing_local_landing_link
wheelhouseit.com/remote-support,wheelhouseit.com/it-support-los-angeles,IT Support Los Angeles,Service page should link down to each city/location landing for this service,service_silo.missing_local_landing_link
wheelhouseit.com/co-managed-it,wheelhouseit.com/co-managed-it-services-in-fort-lauderdale,Co-Managed IT Services Fort Lauderdale,Service page should link down to each city/location landing for this service,service_silo.missing_local_landing_link
wheelhouseit.com/co-managed-it,wheelhouseit.com/co-managed-it-services-miami,Co-Managed IT Services Miami,Service page should link down to each city/location landing for this service,service_silo.missing_local_landing_link
wheelhouseit.com/co-managed-it,wheelhouseit.com/co-managed-it-services-orlando,Co-Managed IT Services Orlando,Service page should link down to each city/location landing for this service,service_silo.missing_local_landing_link
wheelhouseit.com/co-managed-it,wheelhouseit.com/co-managed-it-services-west-palm-beach,Co-Managed IT Services West Palm Beach,Service page should link down to each city/location landing for this service,service_silo.missing_local_landing_link
wheelhouseit.com/co-managed-it,wheelhouseit.com/co-managed-it-services-new-york-city,Co-Managed IT Services New York City,Service page should link down to each city/location landing for this service,service_silo.missing_local_landing_link
wheelhouseit.com/co-managed-it,wheelhouseit.com/co-managed-it-services-in-long-island,Co-Managed IT Services Long Island,Service page should link down to each city/location landing for this service,service_silo.missing_local_landing_link
wheelhouseit.com/co-managed-it-services,wheelhouseit.com/co-managed-it-services-in-fort-lauderdale,Co-Managed IT Services Fort Lauderdale,Service page should link down to each city/location landing for this service,service_silo.missing_local_landing_link
wheelhouseit.com/co-managed-it-services,wheelhouseit.com/co-managed-it-services-miami,Co-Managed IT Services Miami,Service page should link down to each city/location landing for this service,service_silo.missing_local_landing_link
wheelhouseit.com/co-managed-it-services,wheelhouseit.com/co-managed-it-services-orlando,Co-Managed IT Services Orlando,Service page should link down to each city/location landing for this service,service_silo.missing_local_landing_link
wheelhouseit.com/co-managed-it-services,wheelhouseit.com/co-managed-it-services-west-palm-beach,Co-Managed IT Services West Palm Beach,Service page should link down to each city/location landing for this service,service_silo.missing_local_landing_link
wheelhouseit.com/co-managed-it-services,wheelhouseit.com/co-managed-it-services-new-york-city,Co-Managed IT Services New York City,Service page should link down to each city/location landing for this service,service_silo.missing_local_landing_link
wheelhouseit.com/co-managed-it-services,wheelhouseit.com/co-managed-it-services-in-long-island,Co-Managed IT Services Long Island,Service page should link down to each city/location landing for this service,service_silo.missing_local_landing_link
wheelhouseit.com/healthcare-it-managed-services,wheelhouseit.com/healthcare-it-managed-services/fort-lauderdale,Healthcare IT Managed Services Fort Lauderdale,Service page should link down to each city/location landing for this service,service_silo.missing_local_landing_link
wheelhouseit.com/healthcare-it-managed-services,wheelhouseit.com/healthcare-it-managed-services/miami,Healthcare IT Managed Services Miami,Service page should link down to each city/location landing for this service,service_silo.missing_local_landing_link
wheelhouseit.com/healthcare-it-managed-services,wheelhouseit.com/healthcare-it-managed-services/orlando,Healthcare IT Managed Services Orlando,Service page should link down to each city/location landing for this service,service_silo.missing_local_landing_link
wheelhouseit.com/healthcare-it-managed-services,wheelhouseit.com/healthcare-it-managed-services/west-palm-beach,Healthcare IT Managed Services West Palm Beach,Service page should link down to each city/location landing for this service,service_silo.missing_local_landing_link
wheelhouseit.com/healthcare-it-managed-services,wheelhouseit.com/healthcare-it-managed-services/new-york-city,Healthcare IT Managed Services New York City,Service page should link down to each city/location landing for this service,service_silo.missing_local_landing_link
wheelhouseit.com/healthcare-it-managed-services,wheelhouseit.com/healthcare-it-managed-services/long-island,Healthcare IT Managed Services Long Island,Service page should link down to each city/location landing for this service,service_silo.missing_local_landing_link
wheelhouseit.com/healthcare-it-outsourcing,wheelhouseit.com/healthcare-it-managed-services/fort-lauderdale,Healthcare IT Managed Services Fort Lauderdale,Service page should link down to each city/location landing for this service,service_silo.missing_local_landing_link
wheelhouseit.com/healthcare-it-outsourcing,wheelhouseit.com/healthcare-it-managed-services/miami,Healthcare IT Managed Services Miami,Service page should link down to each city/location landing for this service,service_silo.missing_local_landing_link
wheelhouseit.com/healthcare-it-outsourcing,wheelhouseit.com/healthcare-it-managed-services/orlando,Healthcare IT Managed Services Orlando,Service page should link down to each city/location landing for this service,service_silo.missing_local_landing_link
wheelhouseit.com/healthcare-it-outsourcing,wheelhouseit.com/healthcare-it-managed-services/west-palm-beach,Healthcare IT Managed Services West Palm Beach,Service page should link down to each city/location landing for this service,service_silo.missing_local_landing_link
wheelhouseit.com/healthcare-it-outsourcing,wheelhouseit.com/healthcare-it-managed-services/new-york-city,Healthcare IT Managed Services New York City,Service page should link down to each city/location landing for this service,service_silo.missing_local_landing_link
wheelhouseit.com/healthcare-it-outsourcing,wheelhouseit.com/healthcare-it-managed-services/long-island,Healthcare IT Managed Services Long Island,Service page should link down to each city/location landing for this service,service_silo.missing_local_landing_link
wheelhouseit.com/it-solutions-healthcare-2,wheelhouseit.com/healthcare-it-managed-services/fort-lauderdale,Healthcare IT Managed Services Fort Lauderdale,Service page should link down to each city/location landing for this service,service_silo.missing_local_landing_link
wheelhouseit.com/it-solutions-healthcare-2,wheelhouseit.com/healthcare-it-managed-services/miami,Healthcare IT Managed Services Miami,Service page should link down to each city/location landing for this service,service_silo.missing_local_landing_link
wheelhouseit.com/it-solutions-healthcare-2,wheelhouseit.com/healthcare-it-managed-services/orlando,Healthcare IT Managed Services Orlando,Service page should link down to each city/location landing for this service,service_silo.missing_local_landing_link
wheelhouseit.com/it-solutions-healthcare-2,wheelhouseit.com/healthcare-it-managed-services/west-palm-beach,Healthcare IT Managed Services West Palm Beach,Service page should link down to each city/location landing for this service,service_silo.missing_local_landing_link
wheelhouseit.com/it-solutions-healthcare-2,wheelhouseit.com/healthcare-it-managed-services/new-york-city,Healthcare IT Managed Services New York City,Service page should link down to each city/location landing for this service,service_silo.missing_local_landing_link
wheelhouseit.com/it-solutions-healthcare-2,wheelhouseit.com/healthcare-it-managed-services/long-island,Healthcare IT Managed Services Long Island,Service page should link down to each city/location landing for this service,service_silo.missing_local_landing_link
wheelhouseit.com/it-support-for-law-firms,wheelhouseit.com/fort-lauderdale/it-support-law-firm,IT Support for Law Firms Fort Lauderdale,Service page should link down to each city/location landing for this service,service_silo.missing_local_landing_link
wheelhouseit.com/it-support-for-law-firms,wheelhouseit.com/miami/it-support-law-firm,IT Support for Law Firms Miami,Service page should link down to each city/location landing for this service,service_silo.missing_local_landing_link
wheelhouseit.com/it-support-for-law-firms,wheelhouseit.com/orlando/it-support-law-firm,IT Support for Law Firms Orlando,Service page should link down to each city/location landing for this service,service_silo.missing_local_landing_link
wheelhouseit.com/it-support-for-law-firms,wheelhouseit.com/west-palm-beach/it-support-law-firm,IT Support for Law Firms West Palm Beach,Service page should link down to each city/location landing for this service,service_silo.missing_local_landing_link
wheelhouseit.com/it-support-for-law-firms,wheelhouseit.com/new-york-city/it-support-law-firm,IT Support for Law Firms New York City,Service page should link down to each city/location landing for this service,service_silo.missing_local_landing_link
wheelhouseit.com/it-support-for-law-firms,wheelhouseit.com/long-island/it-support-law-firm,IT Support for Law Firms Long Island,Service page should link down to each city/location landing for this service,service_silo.missing_local_landing_link
wheelhouseit.com/it-support-for-legal,wheelhouseit.com/fort-lauderdale/it-support-law-firm,IT Support for Law Firms Fort Lauderdale,Service page should link down to each city/location landing for this service,service_silo.missing_local_landing_link
wheelhouseit.com/it-support-for-legal,wheelhouseit.com/miami/it-support-law-firm,IT Support for Law Firms Miami,Service page should link down to each city/location landing for this service,service_silo.missing_local_landing_link
wheelhouseit.com/it-support-for-legal,wheelhouseit.com/orlando/it-support-law-firm,IT Support for Law Firms Orlando,Service page should link down to each city/location landing for this service,service_silo.missing_local_landing_link
wheelhouseit.com/it-support-for-legal,wheelhouseit.com/west-palm-beach/it-support-law-firm,IT Support for Law Firms West Palm Beach,Service page should link down to each city/location landing for this service,service_silo.missing_local_landing_link
wheelhouseit.com/it-support-for-legal,wheelhouseit.com/new-york-city/it-support-law-firm,IT Support for Law Firms New York City,Service page should link down to each city/location landing for this service,service_silo.missing_local_landing_link
wheelhouseit.com/it-support-for-legal,wheelhouseit.com/long-island/it-support-law-firm,IT Support for Law Firms Long Island,Service page should link down to each city/location landing for this service,service_silo.missing_local_landing_link
wheelhouseit.com/long-island,wheelhouseit.com/long-island/office-365-migration,Office 365 Migration Long Island,Location page should link down to each service offered in this location,location_silo.missing_local_landing_link
wheelhouseit.com/long-island,wheelhouseit.com/long-island/microsoft-consulting-in-long-island,Microsoft Consultants Long Island,Location page should link down to each service offered in this location,location_silo.missing_local_landing_link
wheelhouseit.com/long-island,wheelhouseit.com/healthcare-it-managed-services/long-island,Healthcare IT Managed Services Long Island,Location page should link down to each service offered in this location,location_silo.missing_local_landing_link
wheelhouseit.com/long-island,wheelhouseit.com/long-island/healthcare-it-support,Healthcare IT Support Long Island,Location page should link down to each service offered in this location,location_silo.missing_local_landing_link
wheelhouseit.com/long-island,wheelhouseit.com/managed-it-services-for-law-firms/long-island,Managed IT Services for Law Firms Long Island,Location page should link down to each service offered in this location,location_silo.missing_local_landing_link
wheelhouseit.com/long-island,wheelhouseit.com/long-island/it-support-law-firm,IT Support for Law Firms Long Island,Location page should link down to each service offered in this location,location_silo.missing_local_landing_link
wheelhouseit.com/managed-it-services-for-law-firms,wheelhouseit.com/managed-it-services-for-law-firms/fort-lauderdale,Managed IT Services for Law Firms Fort Lauderdale,Service page should link down to each city/location landing for this service,service_silo.missing_local_landing_link
wheelhouseit.com/managed-it-services-for-law-firms,wheelhouseit.com/managed-it-services-for-law-firms/miami,Managed IT Services for Law Firms Miami,Service page should link down to each city/location landing for this service,service_silo.missing_local_landing_link
wheelhouseit.com/managed-it-services-for-law-firms,wheelhouseit.com/managed-it-services-for-law-firms/orlando,Managed IT Services for Law Firms Orlando,Service page should link down to each city/location landing for this service,service_silo.missing_local_landing_link
wheelhouseit.com/managed-it-services-for-law-firms,wheelhouseit.com/managed-it-services-for-law-firms/west-palm-beach,Managed IT Services for Law Firms West Palm Beach,Service page should link down to each city/location landing for this service,service_silo.missing_local_landing_link
wheelhouseit.com/managed-it-services-for-law-firms,wheelhouseit.com/managed-it-services-for-law-firms/new-york-city,Managed IT Services for Law Firms New York City,Service page should link down to each city/location landing for this service,service_silo.missing_local_landing_link
wheelhouseit.com/managed-it-services-for-law-firms,wheelhouseit.com/managed-it-services-for-law-firms/long-island,Managed IT Services for Law Firms Long Island,Service page should link down to each city/location landing for this service,service_silo.missing_local_landing_link
wheelhouseit.com/medical-it-services,wheelhouseit.com/healthcare-it-managed-services/fort-lauderdale,Healthcare IT Managed Services Fort Lauderdale,Service page should link down to each city/location landing for this service,service_silo.missing_local_landing_link
wheelhouseit.com/medical-it-services,wheelhouseit.com/healthcare-it-managed-services/miami,Healthcare IT Managed Services Miami,Service page should link down to each city/location landing for this service,service_silo.missing_local_landing_link
wheelhouseit.com/medical-it-services,wheelhouseit.com/healthcare-it-managed-services/orlando,Healthcare IT Managed Services Orlando,Service page should link down to each city/location landing for this service,service_silo.missing_local_landing_link
wheelhouseit.com/medical-it-services,wheelhouseit.com/healthcare-it-managed-services/west-palm-beach,Healthcare IT Managed Services West Palm Beach,Service page should link down to each city/location landing for this service,service_silo.missing_local_landing_link
wheelhouseit.com/medical-it-services,wheelhouseit.com/healthcare-it-managed-services/new-york-city,Healthcare IT Managed Services New York City,Service page should link down to each city/location landing for this service,service_silo.missing_local_landing_link
wheelhouseit.com/medical-it-services,wheelhouseit.com/healthcare-it-managed-services/long-island,Healthcare IT Managed Services Long Island,Service page should link down to each city/location landing for this service,service_silo.missing_local_landing_link
wheelhouseit.com/orlando,wheelhouseit.com/orlando/office-365-migration,Office 365 Migration Orlando,Location page should link down to each service offered in this location,location_silo.missing_local_landing_link
wheelhouseit.com/orlando,wheelhouseit.com/orlando/microsoft-consultants-orlando,Microsoft Consultants Orlando,Location page should link down to each service offered in this location,location_silo.missing_local_landing_link
wheelhouseit.com/orlando,wheelhouseit.com/healthcare-it-managed-services/orlando,Healthcare IT Managed Services Orlando,Location page should link down to each service offered in this location,location_silo.missing_local_landing_link
wheelhouseit.com/orlando,wheelhouseit.com/orlando/healthcare-it-support,Healthcare IT Support Orlando,Location page should link down to each service offered in this location,location_silo.missing_local_landing_link
wheelhouseit.com/orlando,wheelhouseit.com/managed-it-services-for-law-firms/orlando,Managed IT Services for Law Firms Orlando,Location page should link down to each service offered in this location,location_silo.missing_local_landing_link
wheelhouseit.com/orlando,wheelhouseit.com/orlando/it-support-law-firm,IT Support for Law Firms Orlando,Location page should link down to each service offered in this location,location_silo.missing_local_landing_link
wheelhouseit.com/hybrid-it-onboarding,wheelhouseit.com/hybrid-it-services-fort-lauderdale,Hybrid IT Services Fort Lauderdale,Service page should link down to each city/location landing for this service,service_silo.missing_local_landing_link
wheelhouseit.com/hybrid-it-onboarding,wheelhouseit.com/hybrid-it-services-new-york-city,Hybrid IT Services New York City,Service page should link down to each city/location landing for this service,service_silo.missing_local_landing_link
wheelhouseit.com/hybrid-it-services,wheelhouseit.com/hybrid-it-services-fort-lauderdale,Hybrid IT Services Fort Lauderdale,Service page should link down to each city/location landing for this service,service_silo.missing_local_landing_link
wheelhouseit.com/hybrid-it-services,wheelhouseit.com/hybrid-it-services-new-york-city,Hybrid IT Services New York City,Service page should link down to each city/location landing for this service,service_silo.missing_local_landing_link
wheelhouseit.com/hybrid-it-services-copy,wheelhouseit.com/hybrid-it-services-fort-lauderdale,Hybrid IT Services Fort Lauderdale,Service page should link down to each city/location landing for this service,service_silo.missing_local_landing_link
wheelhouseit.com/hybrid-it-services-copy,wheelhouseit.com/hybrid-it-services-new-york-city,Hybrid IT Services New York City,Service page should link down to each city/location landing for this service,service_silo.missing_local_landing_link
wheelhouseit.com/hybrid-it-services-copy-2,wheelhouseit.com/hybrid-it-services-fort-lauderdale,Hybrid IT Services Fort Lauderdale,Service page should link down to each city/location landing for this service,service_silo.missing_local_landing_link
wheelhouseit.com/hybrid-it-services-copy-2,wheelhouseit.com/hybrid-it-services-new-york-city,Hybrid IT Services New York City,Service page should link down to each city/location landing for this service,service_silo.missing_local_landing_link
wheelhouseit.com/nassau-county,wheelhouseit.com/nassau-county/managed-it-services,Managed IT Services Nassau County,Location page should link down to each service offered in this location,location_silo.missing_local_landing_link
wheelhouseit.com/nassau-county,wheelhouseit.com/it-consulting-nassau-county,IT Consulting Nassau County,Location page should link down to each service offered in this location,location_silo.missing_local_landing_link
wheelhouseit.com/it-support,wheelhouseit.com/it-support-los-angeles,IT Support Los Angeles,Service page should link down to each city/location landing for this service,service_silo.missing_local_landing_link
